{"cameraMode":{"drawMode":0,"name":"Shaded","section":"Shading Mode"},"sceneLighting":true,"audioPlay":false,"sceneViewState":{"m_AlwaysRefresh":false,"showFog":true,"showSkybox":true,"showFlares":true,"showImageEffects":true,"showParticleSystems":true,"showVisualEffectGraphs":true,"m_FxEnabled":false},"in2DMode":false,"pivot":{"x":1.1129417419433594,"y":369.3219299316406,"z":-388.70831298828127},"rotation":{"x":0.2942778468132019,"y":-0.026646651327610017,"z":0.008179946802556515,"w":0.9553437829017639},"size":195.52032470703126,"orthographic":false}